Model,F1-Score,Recall
Random Forest,0.6332622601279317,0.7941176470588235
CatBoost,0.6158940397350994,0.7459893048128342
XGBoost,0.6102449888641426,0.732620320855615
AdaBoost,0.5806451612903226,0.5294117647058824
KNeighbors,0.5472496473906912,0.5187165775401069
